date,amount,username,screenshot
June 2024,1 BTC,u/313deezy,screenshots/Screenshot_20240626-194507.png
January 2024,1 BTC,u/3r5ine,screenshots/Screenshot_20240109-170538.png
August 2024,1 BTC,u/73kWasTheTop,screenshots/Screenshot_20240825-153349.png
January 2025,1.5001 BTC,u/Additional_South429,screenshots/Screenshot_20250107-172609.png
April 2024,0.1000 BTC,u/AdministrationOwn777,screenshots/Screenshot_20240410-101610.png
October 2025,0.4870 BTC,u/Advanced_Estimate612,screenshots/Screenshot_20251012-215725.png
March 2025,1.9823 BTC,u/AdviceImpressive219,screenshots/Screenshot 2025-03-22 095410.png
June 2024,0.1028 BTC,u/airkings2,screenshots/Screenshot_20240627-173558.png
April 2024,1 BTC,u/anonymousFinPro,screenshots/Screenshot_20240409-203208.png
November 2025,2 BTC,u/anonymousFinPro,screenshots/Screenshot_20251122-231323.png
February 2025,0.1000 BTC,u/aroshail,screenshots/Screenshot_20250222-204752.png
March 2025,0.1000 BTC,u/arsebandit_roberts,screenshots/Screenshot 2025-03-06 200727.png
January 2025,0.5000 BTC,u/ArtaxNatreyu,screenshots/Screenshot_20250105-102531.png
May 2024,0.1020 BTC,u/ary_aryy,screenshots/Screenshot_20240503-063051.png
August 2025,0.1526 BTC,u/attic0218,screenshots/Screenshot_20250830-194552.png
June 2024,0.2500 BTC,u/Benbon1,screenshots/Screenshot_20240622-193439.png
September 2025,0.1500 BTC,u/Best_Friendship_6550,screenshots/Screenshot 2025-09-06 174740.png
September 2025,0.8700 BTC,u/Borig-Might-8058,screenshots/Screenshot_20250923-180223.png
December 2024,0.2500 BTC,u/Brainstorm-0919,screenshots/Screenshot_20241230-122330.png
10/17/2025,1 BTC,u/BTCWholeCoiner,screenshots/Screenshot_20251017-201720.png
February 2025,0.1029 BTC,u/Buy_Ethereum,screenshots/Screenshot_20250211-031029.png
07/15/2023,0.5000 BTC,u/BUYINGBITCOIN30K,screenshots/Screenshot 2023-07-15 at 10.08.11 AM.png
February 2025,1 BTC,u/CaterPillar100,screenshots/Screenshot_20250222-204207.png
August 2025,0.1000 BTC,u/Charandhondaley,screenshots/Screenshot 2025-08-27 222153.png
January 2025,0.0100 BTC,u/CoolFunnyPersona,screenshots/Screenshot 2025-01-01 201226.png
May 2025,0.0500 BTC,u/Cultural_Catch_7911,screenshots/Screenshot_20250518-050756.png
September 2025,1 BTC,u/d13selbaby,screenshots/Screenshot_20250912-172604.png
August 2025,2 BTC,u/DCVisitor89,screenshots/Screenshot 2025-08-21 183215.png
November 2024,2.5000 BTC,u/dirodvstw,screenshots/Screenshot_20241125-171202.png
February 2025,0.2600 BTC,u/Dismal_Distances,screenshots/Screenshot_20250217-084827.png
March 2025,1 BTC,u/DragonflyWhich931,screenshots/Screenshot_20250321-170158.png
January 2026,0.4500 BTC,u/Drissek,screenshots/Screenshot_20260112-075927.png
July 2025,0.7500 BTC,u/EdBread5,screenshots/Screenshot_20250723-013036.png
December 2025,0.1000 BTC,u/EdVenture42,screenshots/Screenshot_20251220-140648.png
March 2025,2.0856 BTC,u/Embarrassed_Bee_615,screenshots/Screenshot 2025-03-06 200052.png
January 2025,0.1000 BTC,u/EmeraldB16,screenshots/Screenshot_20250102-021423.png
November 2025,0.1000 BTC,u/Emergency-Warthog-56,screenshots/Screenshot_20251122-231354.png
November 2025,0.2100 BTC,u/febio1,screenshots/Screenshot 2025-11-27 012810.png
August 2025,1.0014 BTC,u/Far_Significance1669,screenshots/Screenshot_20250804-203605.png
April 2025,10.6151 BTC,u/Fit_Telephone8220,screenshots/Screenshot_20250406-183404.png
August 2024,0.0450 BTC,u/fitforbitcoin,screenshots/Screenshot_20240811-172802.png
November 2025,0.8000 BTC,u/flamet245,screenshots/Screenshot_20251108-031730.png
July 2024,0.1000 BTC,u/Flimsy-Panda_1400,screenshots/Screenshot_20240717-142508.png
February 2024,1 BTC,u/Galavanta,screenshots/Screenshot_20240223-132208.png
November 2024,1 BTC,u/Glum-Dress6056,screenshots/Screenshot_20241111-151931.png
January 2026,0.0600 BTC,u/Goldgoingup,screenshots/Screenshot 2026-01-16 170028.png
November 2025,0.1001 BTC,u/GreatComposer85,screenshots/Screenshot_20251124-080347.png
November 2025,0.1021 BTC,u/Greendizzle2,screenshots/Screenshot 2025-11-21 173546.png
August 2025,1 BTC,u/hdf_587,screenshots/Screenshot_20250820-124254.png
July 2025,1.0317 BTC,u/Hot-Alternative6239,screenshots/Screenshot 2025-07-19 170954.png
April 2025,1 BTC,u/Impossible-Target654,screenshots/Screenshot_20250429-184259.png
June 2024,0.0208 BTC,u/IndividualSun9724,screenshots/Screenshot_20240620-211828.png
August 2025,2.0038 BTC,u/Ismelitooopingaa,screenshots/Screenshot_20250826-212046.png
April 2025,0.1000 BTC,u/j_eduardi7,screenshots/Screenshot_20250426-052451.png
January 2025,0.0001 BTC,u/Jazzlike-cheek185,screenshots/Screenshot_20250107-101059.png
December 2025,1.0071 BTC,u/kshah6969,screenshots/Screenshot_20251213-061530.png
August 2025,0.0501 BTC,u/ksheehan1,screenshots/Screenshot_20250813-202429.png
05/27/2023,1.0037 BTC,u/ksleo86,screenshots/Screenshot 2023-05-27 at 2.29.10 AM.png
September 2025,0.0100 BTC,u/Like-a-Glove90,screenshots/Screenshot_20250927-163237.png
December 2025,0.0010 BTC,u/lilpeepisnotalegend,screenshots/Screenshot_20251225-134749.png
January 2025,0.0010 BTC,u/Live_Wind_5541,screenshots/Screenshot 2025-01-06 175215.png
May 2025,2.7500 BTC,u/Local_Doubt_4029,screenshots/Screenshot 2025-05-10 105900.png
May 2024,0.2000 BTC,u/malacosa,screenshots/Screenshot_20240527-193245.png
July 2024,2.2000 BTC,u/Material_Ad_7277,screenshots/Screenshot_20240725-123616.png
October 2025,0.4000 BTC,u/MaximumStrike3621,screenshots/Screenshot_20251018-180342.png
November 2025,0.1001 BTC,u/MoistGameplays,screenshots/Screenshot_20251125-200918.png
January 2024,1 BTC,u/MuchHold6421,screenshots/Screenshot_20240123-120200.png
December 2025,0.1025 BTC,u/N_0_1_Z,screenshots/Screenshot_20251210-204038 (1).png
September 2024,0.4200 BTC,u/namesaretakenwtf,screenshots/Screenshot 2024-09-28 at 08-29-15.png
06/17/2023,0.2000 BTC,u/neda6117,screenshots/Screenshot 2023-06-17 at 10.28.42 AM.png
November 2025,0.0100 BTC,u/NiceWorkLad,screenshots/Screenshot 2025-11-23 185818.png
May 2024,0.5000 BTC,u/No-Neighborhood-3406,screenshots/Screenshot_20240530-211530.png
January 2025,0.0100 BTC,u/Obvious_Ad_6639,screenshots/Screenshot_20250129-053744.png
November 2024,1 BTC,u/Odd_Ad_6585,screenshots/Screenshot_20241114-072541.png
February 2024,1 BTC,u/Ok_Grass_5474,screenshots/Screenshot_20240224-123214.png
January 2025,0.0010 BTC,u/Ok_Manufacturer_6765,screenshots/Screenshot 2025-01-12 125217.png
May 2025,0.1000 BTC,u/Ok_Sock_9161,screenshots/Screenshot 2025-05-01 223706.png
February 2025,0.0100 BTC,u/OkGarlic5913,screenshots/Screenshot_20250208-002603.png
August 2024,0.0019 BTC,u/PapaDragonHH,screenshots/Screenshot_20240829-080403.png
March 2025,0.1000 BTC,u/Pettersson007,screenshots/Screenshot 2025-03-29 053732.png
January 2026,0.0030 BTC,u/pizzeriagio,screenshots/Screenshot_20260107-212216.png
July 2024,0.5000 BTC,u/PreparationLoud8790,screenshots/Screenshot_20240726-094903.png
February 2025,1.0159 BTC,u/Prestigious-Soil-876,screenshots/Screenshot_20250221-050133.png
September 2024,0.2000 BTC,u/RedneckHippy76,screenshots/Screenshot_20240911-225735.png
April 2024,0.5000 BTC,u/Rocketsloth,screenshots/Screenshot_20240423-173202.png
July 2025,0.1003 BTC,u/salubrious_,screenshots/Screenshot_20250726-135305.png
December 2025,0.1094 BTC,u/sekcoin,screenshots/Screenshot_20251202-174510.png
October 2025,0.1000 BTC,u/Slash_hu,screenshots/Screenshot_20251027-191842.png
December 2024,0.0876 BTC,u/Spiritwolf7000,screenshots/Screenshot_20241212-194944.png
November 2023,5.0061 BTC,u/spitefully_empty,screenshots/Screenshot_20231108-181139-758.png
October 2023,1.0045 BTC,u/spread_cheeks999,screenshots/Screenshot_20231002-131542.png
August 2024,0.1000 BTC,u/Standard_Ad8166,screenshots/Screenshot_20240806-212319.png
January 2026,0.0106 BTC,u/Successful-Site-6434,screenshots/Screenshot_20260104-154705.png
February 2024,0.5000 BTC,u/than2020,screenshots/Screenshot_20240208-030012.png
March 2025,0.5000 BTC,u/Tiny-Investigator750,screenshots/Screenshot_20250301-103339.png
October 2025,0.9600 BTC,u/ToastIsToasted_,screenshots/Screenshot_20251018-213650.png
October 2025,1 BTC,u/Top_Limit_,screenshots/Screenshot_20251031-035828.png
September 2025,1 BTC,u/TradingWithTEP,screenshots/Screenshot 2025-09-08 201036.png
February 2025,0.0010 BTC,u/TrainingAd7626,screenshots/Screenshot 2025-02-24 184029.png
August 2023,1.0007 BTC,u/tslutty,screenshots/Screenshot 2023-08-19 at 10.30.54 PM.png
November 2024,1 BTC,u/Tsriv,screenshots/Screenshot_20241120-053345.png
January 2026,1.4347 BTC,u/Unable_Illustrator_2,screenshots/Screenshot_20260110-111333.png
August 2025,0.9500 BTC,u/Upper_Friendship1522,screenshots/Screenshot_20250826-211729.png
February 2024,1.5000 BTC,u/UpstairsAide3058,screenshots/Screenshot_20240221-195303.png
December 2024,0.2500 BTC,u/Vagrant8,screenshots/Screenshot_20241214-102657.png
December 2025,0.1016 BTC,u/Vegetable-Squirrel98,screenshots/Screenshot 2025-12-26 182135.png
November 2023,1.0700 BTC,u/VividSupermarket1769,screenshots/Screenshot_20231124-174949.png
December 2025,1 BTC,u/WholeCoiner1,screenshots/Screenshot_20251214-200849.png
February 2025,0.0044 BTC,u/Winthorpebuys,screenshots/Screenshot_20250224-045911.png
November 2025,0.1000 BTC,u/zenditt,screenshots/Screenshot_20251105-210536.png
September 2024,0.0349 BTC,u/Zestyclose-Educator1,screenshots/Screenshot_20240921-204655.png
January 2026,0.1017 BTC,u/Next-Town1842,screenshots/Screenshot_20260118-101032.png
January 2026,0.2000 BTC,u/UseIntelligent6283,screenshots/Screenshot_20260118-220530.png
January 2026,0.1041 BTC,u/nerdpleaser,screenshots/Screenshot_20260120-224745.png
January 2026,0.7705 BTC,u/Wise-Ostrich9790,screenshots/Screenshot_20260123-042331.png
January 2026,0.2363 BTC,u/k24brrrrr,screenshots/Screenshot_20260124-140902.png
January 2026,1.6990 BTC,u/macman713,screenshots/Screenshot_20260124-180322.png
January 2026,0.6000 BTC,u/ctrl_alt_bye,screenshots/Screenshot_20260125-000458.png
January 2026,2.1000 BTC,u/WilliamBTCWallace,screenshots/Screenshot_20260127-022831.png
January 2026,0.5002 BTC,u/lalo_mondragon,screenshots/Screenshot_20260129-114529.png
January 2026,0.1000 BTC,u/Elektroprodukt,screenshots/Screenshot_20260131-125846.png
January 2026,0.5009 BTC,u/ImmaLemonYo,screenshots/Screenshot_20260131-233245.png
February 2026,1.1773 BTC,u/Independent_Bell4977,screenshots/Screenshot_20260201-112216.png
February 2026,2 BTC,u/gettin,screenshots/Screenshot_20260202-161303.png
July 2025,10.8473 BTC,u/yebcar,screenshots/Screenshot_20250720-103037.png
February 2026,0.5000 BTC,u/Jazzlike_Feeling75,screenshots/Screenshot_20260206-171005.png
February 2026,1.6011 BTC,u/versatile_fx_guy,screenshots/Screenshot_20260206-171727.png
February 2026,2.1298 BTC,u/AdviceImpressive219,screenshots/Screenshot_20260209-233029.png
February 2026,1 BTC,u/gedhammond7492,screenshots/Screenshot_20260214-112636.png
February 2026,0.1000 BTC,u/Spiritual-Will-1586,screenshots/Screenshot_20260214-121343.png
February 2026,1 BTC,u/scottysworldtv,screenshots/Screenshot_20260219-070152.png
February 2026,0.1000 BTC,u/Fun-Blackberry-6483,screenshots/Screenshot_20260220-030344.png
February 2026,1.7022 BTC,u/Odd_Bar9513,screenshots/Screenshot_20260221-014441.png
February 2026,15 BTC,u/white-body-fluid,screenshots/Screenshot_20260222-052038.png
February 2026,0.0154 BTC,u/MobApps1,screenshots/Screenshot_20260227-060511.png
February 2026,0.1331 BTC,u/Commercial_Ad_9864,screenshots/Screenshot_20260227-040911.png
February 2026,0.1019 BTC,u/icon100i,screenshots/Screenshot_20260224-164359.png
March 2026,0.7000 BTC,u/Fall-For-October,screenshots/Screenshot_20260301-160651.png
March 2026,1.0266 BTC,u/Quick_Engine_5795,screenshots/Screenshot_20260301-211327.png
December 2023,1 BTC,u/jmacs94,screenshots/Screenshot_20231201-173132.png
August 2024,0.0100 BTC,u/Jayson_on_Reddit,screenshots/Screenshot_20240813-222321.png
