date,username,btc,screenshot
2023-05-27,ksleo86,1.00370422,Screenshot 2023-05-27 at 2.29.10 AM.png
2023-06-17,neda6117,0.20004021,Screenshot 2023-06-17 at 10.28.42 AM.png
2023-07-15,BUYINGBITCOIN30K,0.5,Screenshot 2023-07-15 at 10.08.11 AM.png
2023-08-19,tslutty,1.00066494,Screenshot 2023-08-19 at 10.30.54 PM.png
2023-10-02,spread_cheeks999,1.00453836,Screenshot_20231002-131542.png
2023-11-08,spitefully_empty,5.0061,Screenshot_20231108-181139-758.png
2023-11-24,VividSupermarket1769,1.07,Screenshot_20231124-174949.png
2023-12-01,jmacs94,1,Screenshot_20231201-173132.png
2024-01-09,3r5ine,1,Screenshot_20240109-170538.png
2024-01-23,MuchHold6421,1,Screenshot_20240123-120200.png
2024-02-08,than2020,0.5,Screenshot_20240208-030012.png
2024-02-21,UpstairsAide3058,1.5,Screenshot_20240221-195303.png
2024-02-23,Galavanta,1,Screenshot_20240223-132208.png
2024-02-24,Ok_Grass_5474,1,Screenshot_20240224-123214.png
2024-04-09,anonymousFinPro,1,Screenshot_20240409-203208.png
2024-04-10,AdministrationOwn777,0.1,Screenshot_20240410-101610.png
2024-04-23,Rocketsloth,0.5,Screenshot_20240423-173202.png
2024-05-03,ary_aryy,0.102,Screenshot_20240503-063051.png
2024-05-27,malacosa,0.2,Screenshot_20240527-193245.png
2024-05-30,No-Neighborhood-3406,0.5,Screenshot_20240530-211530.png
2024-06-20,IndividualSun9724,0.0207906,Screenshot_20240620-211828.png
2024-06-22,Benbon1,0.25,Screenshot_20240622-193439.png
2024-06-26,313deezy,1,Screenshot_20240626-194507.png
2024-06-27,airkings2,0.10278352,Screenshot_20240627-173558.png
2024-07-17,Flimsy-Panda_1400,0.1,Screenshot_20240717-142508.png
2024-07-25,Material_Ad_7277,2.2,Screenshot_20240725-123616.png
2024-07-26,PreparationLoud8790,0.5,Screenshot_20240726-094903.png
2024-08-06,Standard_Ad8166,0.1,Screenshot_20240806-212319.png
2024-08-11,fitforbitcoin,0.045,Screenshot_20240811-172802.png
2024-08-13,Jayson_on_Reddit,0.01,Screenshot_20240813-222321.png
2024-08-25,73kWasTheTop,1,Screenshot_20240825-153349.png
2024-08-29,PapaDragonHH,0.0019,Screenshot_20240829-080403.png
2024-09-11,RedneckHippy76,0.2,Screenshot_20240911-225735.png
2024-09-21,Zestyclose-Educator1,0.03487915,Screenshot_20240921-204655.png
2024-09-28,namesaretakenwtf,0.42,Screenshot 2024-09-28 at 08-29-15.png
2024-11-11,Glum-Dress6056,1,Screenshot_20241111-151931.png
2024-11-14,Odd_Ad_6585,1,Screenshot_20241114-072541.png
2024-11-20,Tsriv,1,Screenshot_20241120-053345.png
2024-11-25,dirodvstw,2.5,Screenshot_20241125-171202.png
2024-12-12,Spiritwolf7000,0.0876471,Screenshot_20241212-194944.png
2024-12-14,Vagrant8,0.25,Screenshot_20241214-102657.png
2024-12-30,Brainstorm-0919,0.25,Screenshot_20241230-122330.png
2025-01-01,CoolFunnyPersona,0.01,Screenshot 2025-01-01 201226.png
2025-01-02,EmeraldB16,0.1,Screenshot_20250102-021423.png
2025-01-05,ArtaxNatreyu,0.5,Screenshot_20250105-102531.png
2025-01-06,Live_Wind_5541,0.001,Screenshot 2025-01-06 175215.png
2025-01-07,Additional_South429,1.50009016,Screenshot_20250107-172609.png
2025-01-07,Jazzlike-cheek185,0.00006087,Screenshot_20250107-101059.png
2025-01-12,Ok_Manufacturer_6765,0.001,Screenshot 2025-01-12 125217.png
2025-01-29,Obvious_Ad_6639,0.01,Screenshot_20250129-053744.png
2025-02-08,OkGarlic5913,0.01,Screenshot_20250208-002603.png
2025-02-11,Buy_Ethereum,0.10294981,Screenshot_20250211-031029.png
2025-02-17,Dismal_Distances,0.26,Screenshot_20250217-084827.png
2025-02-21,Prestigious-Soil-876,1.01593588,Screenshot_20250221-050133.png
2025-02-22,CaterPillar100,1,Screenshot_20250222-204207.png
2025-02-22,aroshail,0.1,Screenshot_20250222-204752.png
2025-02-24,TrainingAd7626,0.001,Screenshot 2025-02-24 184029.png
2025-02-24,Winthorpebuys,0.00436547,Screenshot_20250224-045911.png
2025-03-01,Tiny-Investigator750,0.5,Screenshot_20250301-103339.png
2025-03-06,Embarrassed_Bee_615,2.085638,Screenshot 2025-03-06 200052.png
2025-03-06,arsebandit_roberts,0.1,Screenshot 2025-03-06 200727.png
2025-03-21,DragonflyWhich931,1,Screenshot_20250321-170158.png
2025-03-22,AdviceImpressive219,1.98228399,Screenshot 2025-03-22 095410.png
2025-03-29,Pettersson007,0.1,Screenshot 2025-03-29 053732.png
2025-04-06,Fit_Telephone8220,10.61513158,Screenshot_20250406-183404.png
2025-04-26,j_eduardi7,0.1,Screenshot_20250426-052451.png
2025-04-29,Impossible-Target654,1,Screenshot_20250429-184259.png
2025-05-01,Ok_Sock_9161,0.1,Screenshot 2025-05-01 223706.png
2025-05-10,Local_Doubt_4029,2.75,Screenshot 2025-05-10 105900.png
2025-05-18,Cultural_Catch_7911,0.05,Screenshot_20250518-050756.png
2025-07-19,Hot-Alternative6239,1.03168542,Screenshot 2025-07-19 170954.png
2025-07-20,yebcar,10.84730044,Screenshot_20250720-103037.png
2025-07-23,EdBread5,0.75,Screenshot_20250723-013036.png
2025-07-26,salubrious_,0.10026995,Screenshot_20250726-135305.png
2025-08-04,Far_Significance1669,1.00137621,Screenshot_20250804-203605.png
2025-08-13,ksheehan1,0.0500581,Screenshot_20250813-202429.png
2025-08-20,hdf_587,1,Screenshot_20250820-124254.png
2025-08-21,DCVisitor89,2,Screenshot 2025-08-21 183215.png
2025-08-26,Ismelitooopingaa,2.00375859,Screenshot_20250826-212046.png
2025-08-26,Upper_Friendship1522,0.95,Screenshot_20250826-211729.png
2025-08-27,Charandhondaley,0.1,Screenshot 2025-08-27 222153.png
2025-08-30,attic0218,0.1525512,Screenshot_20250830-194552.png
2025-09-06,Best_Friendship_6550,0.15,Screenshot 2025-09-06 174740.png
2025-09-08,TradingWithTEP,1,Screenshot 2025-09-08 201036.png
2025-09-12,d13selbaby,1,Screenshot_20250912-172604.png
2025-09-23,Borig-Might-8058,0.87,Screenshot_20250923-180223.png
2025-09-27,Like-a-Glove90,0.01,Screenshot_20250927-163237.png
2025-10-12,Advanced_Estimate612,0.487,Screenshot_20251012-215725.png
2025-10-17,BTCWholeCoiner,1,Screenshot_20251017-201720.png
2025-10-18,MaximumStrike3621,0.4,Screenshot_20251018-180342.png
2025-10-18,ToastIsToasted_,0.96,Screenshot_20251018-213650.png
2025-10-27,Slash_hu,0.1,Screenshot_20251027-191842.png
2025-10-31,Top_Limit_,1,Screenshot_20251031-035828.png
2025-11-05,zenditt,0.1,Screenshot_20251105-210536.png
2025-11-08,flamet245,0.8,Screenshot_20251108-031730.png
2025-11-21,Greendizzle2,0.10214861,Screenshot 2025-11-21 173546.png
2025-11-22,Emergency-Warthog-56,0.1,Screenshot_20251122-231354.png
2025-11-22,anonymousFinPro,2,Screenshot_20251122-231323.png
2025-11-23,NiceWorkLad,0.01,Screenshot 2025-11-23 185818.png
2025-11-24,GreatComposer85,0.100063,Screenshot_20251124-080347.png
2025-11-25,MoistGameplays,0.10005881,Screenshot_20251125-200918.png
2025-11-27,febio1,0.21,Screenshot 2025-11-27 012810.png
2025-12-02,sekcoin,0.10936307,Screenshot_20251202-174510.png
2025-12-10,N_0_1_Z,0.102513,Screenshot_20251210-204038 (1).png
2025-12-13,kshah6969,1.00706663,Screenshot_20251213-061530.png
2025-12-14,WholeCoiner1,1,Screenshot_20251214-200849.png
2025-12-20,EdVenture42,0.1,Screenshot_20251220-140648.png
2025-12-25,lilpeepisnotalegend,0.001,Screenshot_20251225-134749.png
2025-12-26,Vegetable-Squirrel98,0.10157825,Screenshot 2025-12-26 182135.png
2026-01-04,Successful-Site-6434,0.01062835,Screenshot_20260104-154705.png
2026-01-07,pizzeriagio,0.003,Screenshot_20260107-212216.png
2026-01-10,Unable_Illustrator_2,1.4346792,Screenshot_20260110-111333.png
2026-01-12,Drissek,0.45,Screenshot_20260112-075927.png
2026-01-16,Goldgoingup,0.06000942,Screenshot 2026-01-16 170028.png
2026-01-18,Next-Town1842,0.10174107,Screenshot_20260118-101032.png
2026-01-18,UseIntelligent6283,0.2,Screenshot_20260118-220530.png
2026-01-20,nerdpleaser,0.10406067,Screenshot_20260120-224745.png
2026-01-23,Wise-Ostrich9790,0.77048825,Screenshot_20260123-042331.png
2026-01-24,k24brrrrr,0.23626943,Screenshot_20260124-140902.png
2026-01-24,macman713,1.699039,Screenshot_20260124-180322.png
2026-01-25,ctrl_alt_bye,0.6,Screenshot_20260125-000458.png
2026-01-27,WilliamBTCWallace,2.1,Screenshot_20260127-022831.png
2026-01-29,lalo_mondragon,0.50017603,Screenshot_20260129-114529.png
2026-01-31,Elektroprodukt,0.1,Screenshot_20260131-125846.png
2026-01-31,ImmaLemonYo,0.50090519,Screenshot_20260131-233245.png
2026-02-01,Independent_Bell4977,1.17731442,Screenshot_20260201-112216.png
2026-02-02,gettin,2,Screenshot_20260202-161303.png
2026-02-06,Jazzlike_Feeling75,0.5,Screenshot_20260206-171005.png
2026-02-06,versatile_fx_guy,1.6010800,Screenshot_20260206-171727.png
2026-02-09,AdviceImpressive219,2.12980964,Screenshot_20260209-233029.png
2026-02-14,@gedhammond7492,1.0,Screenshot_20260214-112636.png
2026-02-14,Spiritual-Will-1586,0.1,Screenshot_20260214-121343.png
2026-02-19,scottysworldtv,1,Screenshot_20260219-070152.png
2026-02-20,Fun-Blackberry-6483,0.1,Screenshot_20260220-030344.png
2026-02-21,Odd_Bar9513,1.70216153,Screenshot_20260221-014441.png
2026-02-22,icon100i,0.10193624,Screenshot_20260224-164359.png
2026-02-22,white-body-fluid,15,Screenshot_20260222-052038.png
2026-02-27,Commercial_Ad_9864,0.13306559,Screenshot_20260227-040911.png
2026-02-27,MobApps1,0.01542493,Screenshot_20260227-060511.png
2026-03-01,Fall-For-October,0.7,Screenshot_20260301-160651.png
2026-03-01,Quick_Engine_5795,1.02664407,Screenshot_20260301-211327.png
2026-03-05,Unable_Illustrator_2,1.79999263,Screenshot_20260305-013130.png
2026-03-07,Sufficient-Award6291,2,Screenshot_20260307-230329.png
2026-03-10,Thesethingsmattertoo,5,Screenshot_20260310-102943.png
2026-03-16,@shaguncrypto,1,Screenshot_20260316-101221.png
2026-03-16,pizzeriagio,0.01,Screenshot_20260316-192957.png
2026-03-17,Distinct_Text_2633,1,Screenshot_20260317-024723.png
2026-03-26,Fuzzy_Strawberry4792,0.01,Screenshot_20260326-164408.png
2026-03-29,PermissionEarly8202,2,Screenshot_20260329-205801.png
2026-04-01,white-body-fluid,1,Screenshot_20260401-080703.png
2026-04-05,Omniknight111,5,Screenshot_20260405-082734.png
2026-04-07,Key-Let-889,0.1,Screenshot_20260407-053349.png
2026-04-08,Adventurous-Bite3466,0.075,Screenshot_20260408-095213.png
2026-04-10,Unable_Illustrator_2,1.85,Screenshot_20260410-071205.png
2026-04-19,Gargamel6020,0.5,Screenshot_20260420-092845.png
2026-04-19,kaalbhairavaa,1,Screenshot_20260419-070434.png
2026-04-20,PaperOrnery8697,1.0,Screenshot_20260420-225447.png
2026-04-26,1-gill,0.001,Screenshot_20260426-155228.png
2026-04-26,AdministrationFar338,0.1,Screenshot_20260426-211147.png
2026-05-03,DaLastComeBack_I_Got,1.85,Screenshot_20260503-100127.png
2026-05-05,Gloomy_Dependent_985,0.1069,Screenshot_20260505-200234.png
2026-05-12,PickForward5864,1,Screenshot_20260512-044222.png
2026-05-13,Even_Virus_3017,0.5,Screenshot_20260513-212625.png
2026-05-19,Any-End8227,10.0012,Screenshot_20260519-165627.png
2026-05-26,Anzaqw,0.001,Screenshot_20260526-184748.png
2026-05-27,SILKS1979,0.1,Screenshot_20260527-064120.png
2026-05-28,@coinfessions,0.74,Screenshot_20260528-175716.png
2026-05-29,JorgeRoyal,0.1093953,Screenshot_20260531-172531.png
2026-06-02,Ok-Crab-567,0.1,Screenshot_20260602-175524.png
2026-06-04,TeachingWhich2776,1,Screenshot_20260604-050522.png
2026-06-05,Omniknight111,1.3,Screenshot_20260605-215339.png
2026-06-05,Parking-Bar6032,1.01,Screenshot_20260605-194056.png
2026-06-06,PatitoMilefa,1.396,Screenshot_20260606-093032.png
2026-06-06,buy-high--sell-low,0.01,Screenshot_20260606-022328.png
2026-06-06,dimitaracev,0.1,Screenshot_20260606-151851.png
2026-06-07,happyface4242,0.0266,Screenshot_20260607-143846.png
2026-06-10,Reach_Beyond,0.21,Screenshot_20260610-042554.png
2026-06-10,Throwawaybtc21,21,Screenshot_20260610-042554.png
2026-06-18,RazzmatazzFair5320,0.64,Screenshot_20260618-183531.png
2026-06-23,icantgiveyou,0.141,Screenshot_20260623-204037.png
2026-06-25,vium99,1,Screenshot_20260625-181436.png
2026-07-02,idekwutp,0.1,Screenshot_20260702-193155.png
2026-08-22,videogamer939,2.1,Screenshot_20260822-201314.png
2026-08-28,@coinfessions-1,0.5,Screenshot_20260828-131748.png
2026-08-28,sandeep075aa,1.003,Screenshot_20260828-113515.png
2026-09-03,hodler1992,0.25,Screenshot_20260903-115426.png
2026-09-04,MoonMoon143,0.01,Screenshot_20260904-041525.png
2026-09-11,RefrigeratorRough727,0.01089,Screenshot_20260911-210659.png
2026-09-24,NewNoise6742,3.38,Screenshot_20260924-163759.png
2026-09-27,CuriosityFixBoredom,1.02195,Screenshot_20260927-215326.png
2026-09-28,Glum-Story7933,0.3,Screenshot_20260928-074326.png
